{
  "code": 20000,
  "data": {
    "title": "JavaScript深入之从原型到原型链",
    "content": "<h1>JavaScript深入之从原型到原型链</h1>  <blockquote><p>JavaScript深入系列的第一篇，从原型与原型链开始讲起，如果你想知道构造函数的实例的原型，原型的原型，原型的原型的原型是什么，就来看看这篇文章吧。</p></blockquote>  <h2>构造函数创建对象</h2>  <p>我们先使用构造函数创建一个对象：</p>  <p><code></code>`js function Person() {</p>  <p>} var person = new Person(); person.name = &#39;Kevin&#39;; console.log(person.name) // Kevin <code></code>`</p>  <p>在这个例子中，Person 就是一个构造函数，我们使用 new 创建了一个实例对象 person。</p>  <p>很简单吧，接下来进入正题：</p>  <h2>prototype</h2>  <p>每个函数都有一个 prototype 属性，就是我们经常在各种例子中看到的那个 prototype ，比如：</p>  <p><code></code>`js function Person() {</p>  <p>} // 虽然写在注释里，但是你要注意： // prototype是函数才会有的属性 Person.prototype.name = &#39;Kevin&#39;; var person1 = new Person(); var person2 = new Person(); console.log(person1.name) // Kevin console.log(person2.name) // Kevin <code></code>`</p>  <p>那这个函数的 prototype 属性到底指向的是什么呢？是这个函数的原型吗？</p>  <p>其实，函数的 prototype 属性指向了一个对象，这个对象正是调用该构造函数而创建的<strong>实例</strong>的原型，也就是这个例子中的 person1 和 person2 的原型。</p>  <p>那什么是原型呢？你可以这样理解：每一个JavaScript对象(null除外)在创建的时候就会与之关联另一个对象，这个对象就是我们所说的原型，每一个对象都会从原型&quot;继承&quot;属性。</p>  <p>让我们用一张图表示构造函数和实例原型之间的关系：</p>  <p><img alt=\"构造函数和实例原型的关系图\" src=\"https://github.com/mqyqingfeng/Blog/raw/master/Images/prototype1.png\"/></p>  <p>在这张图中我们用 Object.prototype 表示实例原型。</p>",
    "date": "2020-1-2",
    "classify": "2020",
    "tag": ["JS", "知识"],
    "views": "10",
  },

}