{
  "code": 20000,
  "data": {
    "articleComment": [{
        "toName": "Tony",
        "timestamp": "123",
        "articleTitle": "mp4box的使用",
        "comment": "MP4Box是一个合成视频+音频的快速工具MP4Box是一个合成视频+音频的快速工具MP4Box是一个合成视频+音频的快速工具MP4Box是一个合成视频+音频的快速工具MP4Box是一个合成视频+音频的快速工具MP4Box是一个合成视频+音频的快速工具MP4Box是一个合成视频+音频的快速工具MP4Box是一个合成视频+音频的快速工具MP4Box是一个合成视频+音频的快速工具",
      },
      {
        "toName": "BBB",
        "timestamp": "753",
        "articleTitle": "mp4box的使用",
        "comment": "MP4Box是一个合成视频+音频的快速工具",
      }
    ],
    "myComment": [{
        "fromName": "Tony",
        "timestamp": "123",
        "articleTitle": "mp4box的使用",
        "comment": "MP4Box是一个合成视频+音频的快速工具",
      },
      {
        "fromName": "BBB",
        "timestamp": "753",
        "articleTitle": "mp4box的使用",
        "comment": "MP4Box是一个合成视频+音频的快速工具",
      }
    ],
  },

}