{
  "code": 20000,
  "data": {

    "conditonOpts": {
      "year": ["2018", "2019"],
      "mon": ["5", "6"],
      "style": ["草稿"],
      "classify": ["blog"]
    }
  },
  "pillList": [{
    "title": "JavaScript深入之从原型到原型链",
    "detail": "JavaScript深入之从原型到原型链",
    "date": "2020-1-2",
    "classify": "JS",
    "tag": ["JS", "知识"],
    "views": "12",
  },
  {
    "title": "JavaScript专题之递归",
    "detail": "JavaScript专题之递归",
    "date": "2020-2-3",
    "classify": "JS",
    "tag": ["JS", "知识"],
    "views": "3",
  }]

}