{
  "code": 20000,
  // "data": {
  //   "pillList|5-10": [{
  //     "typeOptions": 1,
  //     "style": 2,
  //     "title": "123",
  //     "detail": "123",
  //     "date": "11",
  //     "classify": "123",
  //     "tag": ["1", "2", "3"],
  //     "views": "12",
  //     "typeOptions": "1",
  //     "style": "2",
  //     "comments": "100"
  //   }]
  // },

  "data": {
    "pillList": [{
      "typeOptions": 1,
      "style": 2,
      "title": "JavaScript深入之从原型到原型链",
      "detail": "JavaScript深入之从原型到原型链",
      "date": "2020-1-2",
      "classify": "2020",
      "tag": ["JS", "知识"],
      "views": "10",
      "comments": "1"
    },
    {
      "typeOptions": 1,
      "style": 2,
      "title": "JavaScript专题之递归",
      "detail": "2020-2-3",
      "date": "2020-2-3",
      "classify": "2020",
      "tag": ["JS", "知识"],
      "views": "5",
      "comments": "2"
    }]
  }

}